{
  "$schema": "http://json-schema.org/draft-07/schema",
  "$id": "ng-cli://commands/lint.json",
  "description": "Runs linting tools on Angular app code in a given project folder.",
  "$longDescription": "./lint-long.md",

  "$aliases": ["l"],
  "$scope": "in",
  "$type": "architect",
  "$impl": "./lint-impl#LintCommand",

  "type": "object",
  "allOf": [
    {
      "properties": {
        "project": {
          "type": "string",
          "description": "The name of the project to lint.",
          "$default": {
            "$source": "argv",
            "index": 0
          }
        },
        "configuration": {
          "description": "One or more named builder configurations as a comma-separated list as specified in the \"configurations\" section of angular.json.\nThe builder uses the named configurations to run the given target.\nFor more information, see https://angular.io/guide/workspace-config#alternate-build-configurations.",
          "type": "string",
          "aliases": [
            "c"
          ]
        }
      },
      "required": []
    },
    {
      "$ref": "./definitions.json#/definitions/base"
    }
  ]
}
